DBROWID,RID,ACTIVE,REPORTED,ISSUE,SUMMARY,CITICAL LEVEL,STATUS
21705,21705,1,1/8/2013,IE was not redirecting correctly after a quick add,Both redirect and default destination was not working - corrected - MHC found issue on survey 3517,Priority 1 - I can not continue forward,Closed
21702,21702,1,1/8/2013,Microsoft community needed new redirect at web server level,Added new option for MS--&gt;DC  http,Priority 1 - I can not continue forward,Closed
21699,21699,1,1/8/2013,Incorrect wording on error message,"... We randomly hit this low priority issue.  When entering a password that does not meet your criteria, this message appears 2&& &&&by&&& should be &&&be&&&  Reported by MHC - Gina","Priority 2 - I am having issues, but can continue",Closed
21700,21700,1,1/8/2013,Erroneous question in survey - MHC Survey,"1.	Question #1 - was not supposed to have an ""I do not know"" option - not sure where that came from and it should be removed (a yes/no question about familiarity does not need an ""I don't know"" option).  In Round 4 edits, the first issue referred to an ""I do not know"" issue, but it was clearly noted that it tied to Question #4.  Perhaps that is where the confusion came in and someone thought we were asking for Question #1 to be edited?",Priority 1 - I can not continue forward,Closed
21701,21701,1,1/8/2013,database related forms not handling special characters from word correctly,"special WORD apostrophes, dashes, and quotes are not being handled correctly.","Priority 2 - I am having issues, but can continue",Open
21703,21703,1,1/8/2013,Incorrect error message for quick adds...,"when emails did not match, error message said","Priority 2 - I am having issues, but can continue",Closed
21696,21696,1,1/7/2013,BSI looking for a report to close out the year,An excel report was sent to the Lisa Cane at BSI Oct.can we do it again?  They need the report to for Matt's year end bonus.  The example is attached as a reminder.,Priority 1 - I can not continue forward,Closed
21697,21697,1,1/7/2013,Needed help uploading some new supporter logos on BBBS site,Needed help due to complex table.  Also resized logos.,"Priority 2 - I am having issues, but can continue",Closed
21695,21695,1,1/7/2013,Social Icons not displaying correctly,"Specifically, FB icon was missing",Priority 3 - Cosmetic,Closed
21663,21663,1,1/3/2013,unable to post event to calendar,"Upon submitting a new calendar event, it looks like it is processing but does not complete the calendar post.  It is almost like it is frozen in the event entry screen.  The same results if chosing the 'save' option.",Priority 1 - I can not continue forward,Open
21664,21664,1,1/3/2013,unable to post event to calendar,"Upon submitting a new calendar event, it looks like it is processing but does not complete the calendar post.  It is almost like it is frozen in the event entry screen.  The same results if chosing the 'save' option.",Priority 1 - I can not continue forward,Open
21657,21657,1,1/3/2013,Forums are combining w/in Affinity Page,M3UGA's new site has forums combined (more than 1) on affinity page,"Priority 2 - I am having issues, but can continue",Closed
21593,21593,1,12/28/2012,Received an error when selecting the Vendor banner,"Microsoft OLE DB Provider for ODBC Drivers error '80040e14'  [Microsoft][SQL Server Native Client 10.0][SQL Server]Incorrect syntax near ','.  C","Priority 2 - I am having issues, but can continue",Closed
21555,21555,1,12/19/2012,Various cosmetic issues located on IE,Double check CSS,Priority 3 - Cosmetic,Closed
21557,21557,1,12/19/2012,My Calendar on portal page issues,"Multiple entries - double check query, specifically ""join""",Priority 3 - Cosmetic,Open
21554,21554,1,12/19/2012,Issue w/ initial page on M3 Site - IE Only,The page is rendered w/out content on initial query.  Subsequent queries seem to correct the issue.  IE Only,Priority 1 - I can not continue forward,Closed
21556,21556,1,12/19/2012,Message boards w/in aff pages are not being filtered correctly,Message boards w/in aff pages are not being filtered correctly,Priority 1 - I can not continue forward,Closed
21529,21529,1,12/18/2012,Survey Wizard,"Survey Wizard needs to have the top choice ""blank"" removed so people are forced to select the ""Simple Survey"" to make the new survey features work.",Priority 3 - Cosmetic,Open
21528,21528,1,12/18/2012,Survey Wizard,"Survey Wizard needs to have the top choice ""blank"" removed so people are forced to select the ""Simple Survey"" to make the new survey features work.",Priority 3 - Cosmetic,Open
21520,21520,1,12/17/2012,MHC Software not saving answers on the second page,"MHC Software not saving answers on the second page if a question is missed, the red reminder displays, but removes some of my answers.",Priority 1 - I can not continue forward,Open
21519,21519,1,12/17/2012,MHC Software not saving answers on the second page,"MHC Software not saving answers on the second page if a question is missed, the red reminder displays, but removes some of my answers.",Priority 1 - I can not continue forward,Open
21498,21498,1,12/15/2012,Need to change domain names for Tafe,"Move www --> main community, remove Members sub-domain and move actual web page to www2","Priority 2 - I am having issues, but can continue",Closed
21502,21502,1,12/15/2012,Remove ,Use CSS to remove save option on survey,Priority 3 - Cosmetic,Closed
21499,21499,1,12/15/2012,MHC Survey issue w/ apostrophes in standard fields,Fix the issue,Priority 1 - I can not continue forward,Closed
21237,21237,1,12/3/2012,unable to update the main email of my profile,"I no longer work for Globe University, I am however still a student there.  I would like to update the main email address on my account to be the same as my alternate email address that is on file gail.hoyt@gmail.com.  There is not an option to change this information on my profile though.  Will I need to just create a new account for my gmail address instead?  Thank you Gail Hoyt","Priority 2 - I am having issues, but can continue",Open
20983,20983,1,11/27/2012,Adding other Otterbox employees,I didn't see an option to add employees only administrators.  How do I do this?,"Priority 2 - I am having issues, but can continue",Open
20933,20933,1,11/20/2012,Uploaded Files Can't Be Found,"I am uploading files and trying to use them on an event or web page.  When I test the page, they file is not found.  The upload appears to work.  We have agenda changes that cannot be revised to the web pages.  Is our dropzone full?  Thanks",Priority 1 - I can not continue forward,Open
20932,20932,1,11/20/2012,Uploaded Files Can't Be Found,"I am uploading files and trying to use them on an event or web page.  When I test the page, they file is not found.  The upload appears to work.  We have agenda changes that cannot be revised to the web pages.  Is our dropzone full?  Thanks",Priority 1 - I can not continue forward,Open
20924,20924,1,11/19/2012,Not able to delete web ,Perceptive Software wants to delete banner web hit contacts before uploading their NEW banner.  When I tried deleting selected contacts I received this error,Priority 1 - I can not continue forward,Closed
20906,20906,1,11/16/2012,cannot access group page direct link,"see attached, get error with http","Priority 2 - I am having issues, but can continue",Closed
20889,20889,1,11/14/2012,Not able to upload a picture or image onto a template,in email marketing as I try and upload a picture I am receiving this error,Priority 1 - I can not continue forward,Closed
20883,20883,1,11/13/2012,MWLGUG registration,Trying to register for MWLGUG event but only logs me out after clicking register button,"Priority 2 - I am having issues, but can continue",Closed
20818,20818,1,10/30/2012,Setting up adminstrator,Trying to set myself as an adminstrator and I keep getting a message that says  does not exist in Digital Concourse. Add failed,"Priority 2 - I am having issues, but can continue",Open
20817,20817,1,10/30/2012,trying to add domain name for FGX,When I try to add FGXI.COM as our domain name I keep getting a message that is in use by another comapany.,"Priority 2 - I am having issues, but can continue",In-Process
20709,20709,1,10/17/2012,the share button doesnt work,I tried to change my status and it will not change,"Priority 2 - I am having issues, but can continue",Open
20668,20668,1,10/15/2012,Duplicate account - Delete,"Because I had problems, I had to create a new account. My new account is fred.ely@la-z-boy.com and I will use that account going foward. Please delete account fely@la-z-boy.com as it now shows me twice in your system. I won't use fely@la-z-boy.com any more. Thanks.","Priority 2 - I am having issues, but can continue",Closed
20413,20413,1,10/4/2012,Need a W-9,"I''m registered for the SWUG Mega meeting but my workplace can''t issue payment withouth a W-9, pleas email me one. thanks.",Priority 1 - I can not continue forward,Closed
20244,20244,1,9/26/2012,Perceptive Software registration for event 3422,"Could you answer the two questions on the attached? I think this situation needs more DC accounts. Thx, Joe","Priority 2 - I am having issues, but can continue",Closed
20173,20173,1,9/24/2012,"Cannot register for the KMLUG, Mid America, or MRLUG","I cannot register for the KMLUG, Mid America, or MRLUG  I get the same message, ""You have completed the Registration Process"".  Then when I go back in is says I am not registered.  My email is jean.oneill@lawson.com for this acct.  DC had troubles with the apostrophe in my name so the account was set up.",Priority 1 - I can not continue forward,In-Process
20174,20174,1,9/24/2012,Profile Pictures ,I reloaded my profile picture (while trying to help Christena with the process) and now it''s showing as a broken picture.,"Priority 2 - I am having issues, but can continue",Closed
20172,20172,1,9/24/2012,"Cannot register for the KMLUG, Mid America, or MRLUG","I cannot register for the KMLUG, Mid America, or MRLUG  I get the same message, ""You have completed the Registration Process"".  Then when I go back in is says I am not registered.  My email is jean.oneill@lawson.com for this acct.  DC had troubles with the apostrophe in my name so the account was set up.",Priority 1 - I can not continue forward,Closed
20117,20117,1,9/21/2012,Unable to choose Landmark specific forums when trying to post a topic,"I wanted to post a topic in the Landmark Configuration Console forum, but that forum is not listed on the choose a forum drop down list.","Priority 2 - I am having issues, but can continue",In-Process
20096,20096,1,9/19/2012,Payment option,I am trying to register for the Lisle event.  No payment option is presented.  When I click continue I get an error message saying to select a payment .  No payment option is presented,Priority 1 - I can not continue forward,Closed
20077,20077,1,9/17/2012,adding paycode to existing event,"Eric, I need to add a pay code to an existing event. Is it safe to do at this point or once the event is in prod, should I hold off from any change? Thx Joe","Priority 2 - I am having issues, but can continue",Closed
20067,20067,1,9/17/2012,Unable to set myself up as our Company Administrator on my profile,"How do I set myself up as company administrator? I am the Lawson Application Manager for our organization, but am unable to identify myself as the administrator for our company on the LGUG site.","Priority 2 - I am having issues, but can continue",Closed
20073,20073,1,9/17/2012,Internal Server Error,"When I am trying to add a Blog or Press message I get an ""An error occurred",Priority 1 - I can not continue forward,In-Process
20048,20048,1,9/16/2012,Administrator rights for V12 site,I need Administrator rights to new site version to be able to build it out. Currently Eric is only Administrator.,Priority 1 - I can not continue forward,Closed
20049,20049,1,9/16/2012,Administrator rights for V12 site,I need Administrator rights to new site version to be able to build it out. Currently Eric is only Administrator.,Priority 1 - I can not continue forward,Closed
20047,20047,1,9/16/2012,Migration of Cloud Drive content to new site?,"Can the Cloud Drive content be migrated from old to new site, or do I have to do this manually?",Priority 3 - Cosmetic,In-Process
20046,20046,1,9/16/2012,Calendar Week view incorrect,The Weekly Calendar View points to LUA events instead of Site specific! This is for the new V2 Site I am working on.,"Priority 2 - I am having issues, but can continue",In-Process
20036,20036,1,9/14/2012,Tile not showing for custom page,"Tile not showing for custom page - not showing for me (Rene) - Eric added, shown for him","Priority 2 - I am having issues, but can continue",Closed
19951,19951,1,9/9/2012,invite requests - Berkner Baseball / Ramblers,"I have sent several invites to my personal email address at lyonscage@tx.rr.com but never received the invite message, same for my wife''s rr.com account - not in junk mail either, sent to my grad school account worked fine - thanks for checking.",Priority 1 - I can not continue forward,In-Process
19950,19950,1,9/9/2012,problem with Affinity pages,I try to add a page to Berkner Ramblers page and when active it seems to give me what looks like a lot of the code instead of a clean page - thank for checking,Priority 1 - I can not continue forward,In-Process
19935,19935,1,9/8/2012,Problem w/ spaces when using special domain name,"When using vcentral.velocity.cc, the ""spaces"" option keeps returning to vcentral even though I am choosing a different market.  From vcentral, I tried to access LGUG space - kept looping me back to vCentral.","Priority 2 - I am having issues, but can continue",Closed
19905,19905,1,9/5/2012,Lawson User Group Registration,I cannot figure out how to locate upcoming user groups in order to register. And my screen keeps going dark when I navigate thru your site.,Priority 1 - I can not continue forward,Closed
19895,19895,1,9/4/2012,picture not loading,"I keep trying to load my picture and my profile even says the step is done, but I don't see it.",Priority 3 - Cosmetic,Closed
19896,19896,1,9/4/2012,Unable to post to Performance Management Forum in TM site,I've tried to post a message to the Performance Management Forum of the TM site and was unable to save/post.,"Priority 2 - I am having issues, but can continue",Open
19897,19897,1,9/4/2012,Unable to post to Performance Management Forum in TM site,I've tried to post a message to the Performance Management Forum of the TM site and was unable to save/post.,"Priority 2 - I am having issues, but can continue",In-Process
19807,19807,1,8/29/2012,When redisplaying personal page...,"Any related links, comments, files appear, than disappear from page.  Hmmmm.","Priority 2 - I am having issues, but can continue",Open
19806,19806,1,8/29/2012,Wall Email notifications not including initial recipient in message,Wall Email notifications not including initial recipient in message,"Priority 2 - I am having issues, but can continue",Open
19782,19782,1,8/28/2012,On group directory K-12 Ed seems to be hoggin real estate,"When you go to Group Directory and scroll down, it appears K-12 is claiming up alot of real estate. (see attached screen prints). I get the same result in FF and IE. If we were before K, it would not be a problem ;-) Thx, Joe",Priority 4 - Simply letting you know,Closed
19772,19772,1,8/28/2012,Missing friend request,"Tom Hughes sent me a friend request 20 minutes ago. I clicked on it in my e-mail, which brought me to VC. However, if I look in pending friend requests/e-mail, I see no reference to it in either place.",Priority 4 - Simply letting you know,In-Process
19742,19742,1,8/26/2012,Pin issue from Public messages,Pin issue from Public messages,"Priority 2 - I am having issues, but can continue",Closed
19744,19744,1,8/26/2012,Some replied to pulse rows do not exist for some secondary recipients,Some replied to pulse rows do not exist for some secondary recipients,"Priority 2 - I am having issues, but can continue",Closed
19696,19696,1,8/21/2012,Can''t sign up for academies at SWUG conference,"I''ve registered for the SWUG meeting Oct 11-12 in San Antonio, but my profile shows that I''m not registered, so I can''t sign up for any of the academies",Priority 1 - I can not continue forward,Closed
19627,19627,1,8/15/2012,Employee''s Name Issue,How do I make a change to someone''s log in and password.  The individaul setup an account in DC but entered her name incorrectly.  Instead of Stevens she typed Dtevens.  She is not able to log in now and she wants to register for NELUG''s fall conference.,"Priority 2 - I am having issues, but can continue",Closed
19465,19465,1,8/8/2012,Receiving and error when exporting reports to excel,Everytime we try to export reports to execl we receive an error.  We can view reports online but are no longer able to export them,Priority 1 - I can not continue forward,Closed
19450,19450,1,8/7/2012,Unable to register,I do not have all the options available for registration.  I am trying to register for one day as a member.  I only see 2 options for non-members.  Can you help?,Priority 1 - I can not continue forward,Open
19452,19452,1,8/7/2012,Group Member List Update,"The Group Member List is being updated with Member status and a current expiration date once they register for our Membership event.  This is confusing because DC does not recognize as a member when registering for regular event.  Furthermore, the member status and expiration should not be updated until payment is actually received.","Priority 2 - I am having issues, but can continue",Open
19453,19453,1,8/7/2012,Group Member List Update,"The Group Member List is being updated with Member status and a current expiration date once they register for our Membership event.  This is confusing because DC does not recognize as a member when registering for regular event.  Furthermore, the member status and expiration should not be updated until payment is actually received.","Priority 2 - I am having issues, but can continue",Open
19362,19362,1,8/5/2012,Registration Report,"The registration report for the NELUG fall meeting (3352) indicates that there are 45 registrants but the view is only showing 44 of the 45.  However, the Excel export is including all 45 registrants.","Priority 2 - I am having issues, but can continue",Open
19361,19361,1,8/5/2012,Registration Report,"The registration report for the NELUG fall meeting (3352) indicates that there are 45 registrants but the view is only showing 44 of the 45.  However, the Excel export is including all 45 registrants.","Priority 2 - I am having issues, but can continue",Open
19296,19296,1,7/30/2012,Administrator ,I accidentally hit the submit key too early when trying to add an administrator - now I cannot edit or do anything with the account.,Priority 1 - I can not continue forward,Open
19217,19217,1,7/25/2012,Member?,Registering for the Oct 11&12 SWUG Mega Meeting @ San Antonio TX.    Question,Priority 1 - I can not continue forward,Open
19214,19214,1,7/25/2012,Internal Server Error,I was completing the on-line survey for Infor/Lawson clients and on page 3 received an Internal Server Error message.,Priority 4 - Simply letting you know,In-Process
19218,19218,1,7/25/2012,Member?,Registering for the Oct 11&12 SWUG Mega Meeting @ San Antonio TX.    Question,Priority 1 - I can not continue forward,Open
19190,19190,1,7/23/2012,choose payment,"There ar NO payment options to choose from. I click continue and message reads ""Please choose a payment option"" and won''t allow me to continue.",Priority 1 - I can not continue forward,Closed
19093,19093,1,7/18/2012,unable to change my email address ,I'm unable to change my email on my account from herreidr@sanfordhealth.org to Rita.Herreid@SanfordHealth.org.  It says the email address already exists.  The old email address which is still attached to my account won't come through anymore. ,"Priority 2 - I am having issues, but can continue",Open
19075,19075,1,7/16/2012,Change Password,"Every time I want to change my password in digitalconcourse, I struggle.  Please help me again.  Thanks.",Priority 4 - Simply letting you know,Closed
19076,19076,1,7/16/2012,Change Password,"Every time I want to change my password in digitalconcourse, I struggle.  Please help me again.  Thanks.",Priority 4 - Simply letting you know,Closed
19021,19021,1,7/13/2012,Can't pay by Pay pal,I choose Pay Pal but the next screen still says where to send the check as if I have indicated I would send a check.  ,Priority 1 - I can not continue forward,Closed
19008,19008,1,7/10/2012,How do I remove ,"There is an event showing in the ""Quick Events Registration"" section that is from last month.   How do I remove it?  It doesn''''t appear in the ""Events"" list in Backstage Administration.",Priority 3 - Cosmetic,Closed
19006,19006,1,7/10/2012,Some Forums have disappeared from Message Board Administration,"I created a number of forums yesterday under the ""General"" group.  Today I re-assigned them to a new group named ""Talent Management Suite"", but now all those forums have disappeared from the Message Board Administration page.  One possibly related issue is that after I created the new group for one forum, that group didn''t (doesn''t) appear in the group list, so I kept manually adding it to the other forums as a new group.  Please see the attached screenshots.  Thanks - Kelly",Priority 1 - I can not continue forward,Closed
18926,18926,1,6/29/2012,Unable to find link to SWUG virtual meeting,I have looked everywhere on your website for a link to today''s SWUG virtual meeting.  How do I get to the meeting?,Priority 1 - I can not continue forward,Closed
18925,18925,1,6/29/2012,Trying to log into a registered event,I am registered for the SWUG Virtual Meeting and have tried for over a hour to get to a link for the event and have been unsuccessful. How do I get to the event I''m registered for??,Priority 1 - I can not continue forward,Closed
18879,18879,1,6/26/2012,Duplicating Content,"Talent Management - second community that Loring set up. Affity &gt; Pages &gt; edit Landmark 10 Overview.  The description paragraph, link and last paragraph duplicate and continue to duplicate when you save or access the link.  I have even tried removing the html code and saving it -- it still duplicates code.  I saw this with the same invite when I entered it in the Calendar.  Same problem with duplicating.","Priority 2 - I am having issues, but can continue",Open
18868,18868,1,6/25/2012,bumped out of survey @ question 16,I tried to participate in your survey but was bumped out on question 16. Please send the summary if you can. ,Priority 4 - Simply letting you know,Closed
18860,18860,1,6/22/2012,delete my account,please delete my account.,"Priority 2 - I am having issues, but can continue",Closed
18861,18861,1,6/22/2012,Member Pricing,"Members should NOT see non-member pricing, on http",Priority 1 - I can not continue forward,Closed
18796,18796,1,6/14/2012,Trying to register,When I select to register it asks me to select a payment option but there are no payment options to chose from and I am not allowed to move forward.,Priority 1 - I can not continue forward,Closed
18776,18776,1,6/13/2012,Group pages not displaying,"Eric, I am not seeing pages that were created on Group page. ""You need to know"" and ""About us"" Was this part of what you posted earlier? Thx, Joe","Priority 2 - I am having issues, but can continue",Closed
18734,18734,1,6/8/2012,Testing Audrey Tirendi's Optonline email,Sending an email to see if it works,"Priority 2 - I am having issues, but can continue",Open
18735,18735,1,6/8/2012,Testing Joe McDevitts'' email (javajoemcd@comcast.net),Testing javajoemcd@comcast.net,"Priority 2 - I am having issues, but can continue",Closed
18694,18694,1,6/3/2012,Trying to unblock emails to comcast.net,"Below is a response from Comcast support. Could you populated the info on the link?  Occasionally, these blocks are added in error, and the emails being sent are legitimate. To better resolve your e-mail concerns, please contact our Abuse/Security Team through the following web site so this issue can be corrected",Priority 4 - Simply letting you know,In-Process
18602,18602,1,5/21/2012,Help Link doesn't work,"When I select my username in the top right corner of the page, then click the ""Help"" item, nothing happens.  I've tried in IE8 and Chrome with the same results.",Priority 4 - Simply letting you know,Open
18601,18601,1,5/21/2012,Help Link doesn''t work,"When I select my username in the top right corner of the page, then click the ""Help"" item, nothing happens.  I''ve tried in IE8 and Chrome with the same results.",Priority 4 - Simply letting you know,In-Process
18383,18383,1,5/3/2012,Password not working for member - Sharon Weniger,"Received email below... I tried to log into my Digital Concourse account but my password isn0&&t working and it9&&s not recognizing the answer to my security question.  When I use the e-mail link to request a reset, I get a message that the mailbox is full.  Could you please point me in the direction of how I can get my password reset so I can see the details for the meeting?  Thanks, Sharon Weniger Sr. HR Systems Analyst PVH Corp. Bridgewater, NJ 08807 908-698-5325","Priority 2 - I am having issues, but can continue",Closed
18384,18384,1,5/3/2012,Access to Cloud Drive,Could I get access to Contribute to the MRLUG Cloud Drive on the Affinity page. Thanks,Priority 4 - Simply letting you know,Closed
18059,18059,1,4/19/2012,I cannot complete my profile,"In trying to complete my profile, it tells me no similar companies exist and to add or select the company that best matches.  Selecting the only company listed (ManpowerGroup) next to the ''add'' a pop-up appears asking to me select or add!! I do not see any other option than the one I have and that does not seem to work.  Please advise what the next step should be?  Please email prior to trying to call, as I am not US based and may be in an inconvenient time zone.",Priority 1 - I can not continue forward,Closed
17999,17999,1,4/16/2012,Passing form values  to custom RQ10,"Hi all, I've created a button on a portal page to open custom RQ10 in new window. We'd like to pass requester & req number, and perform  ""Inquire""  action for the users.  I have the custom form RQ10 opening in new window but...  I can't get  requester & req nbr values passed to it from the portal page.  Anybody done this before?",Priority 1 - I can not continue forward,Open
17935,17935,1,4/10/2012,Not seeing stream on MRLUG group page,"At some time today, it looks like the stream stopped on the MRLUG group page see attached",Priority 4 - Simply letting you know,Closed
17922,17922,1,4/10/2012,Please remove link to 2012 LGUG survey,"When you get a chance, under sponsors on LGUG.net, please remove the link for the 2012 LGUG survey and thanks again for your support.",Priority 4 - Simply letting you know,Closed
17685,17685,1,3/28/2012,SE Cerner RUG registration,"Trying to pay for my individual registration- no ""pay"" button visible on the form.",Priority 1 - I can not continue forward,Closed
17645,17645,1,3/23/2012,Can admins edit group page,"see attached, do admins have ability to edit their group page & +/- administrators to the group?  I looked around and could not find a way.",Priority 4 - Simply letting you know,Closed
17643,17643,1,3/22/2012,didn''t receive email with webex information,"I think that I created a problem when I updated my email address after confirming a Webex registration today.  I didn''t receive the confirmation email with the webex info.  (I checked the junk folder too, but it wasnt there.)",Priority 1 - I can not continue forward,Closed
17609,17609,1,3/20/2012,Confidential Responses,"I can see the comments other survey participants included on the Analysis tab.  If you make my comments visible to the rest of the community, I will not participate in surveys going forward.",Priority 1 - I can not continue forward,Closed
17468,17468,1,3/12/2012,did not see questions on the survey,"the selection radio buttons were on the pages, but no literature, questions or anything else - continue button existed which got me to the end... but didn''t do anything Maybe I already filled this out???",Priority 1 - I can not continue forward,Closed
17465,17465,1,3/12/2012,survey questions are not displayed,"you only can see the rating table, but not the survey questions (Finance), don''t know about the other categories, can not proceed forward",Priority 1 - I can not continue forward,Closed
17462,17462,1,3/12/2012,No questions ,"After selecting which user group, page 2 presents with no questions, just rows of rating options.",Priority 1 - I can not continue forward,Closed
17464,17464,1,3/12/2012,survey questions are not displayed,"you only can see the rating table, but not the survey questions (Finance), don''t know about the other categories, can not proceed forward",Priority 1 - I can not continue forward,Closed
17461,17461,1,3/12/2012,No questions ,"After selecting which user group, page 2 presents with no questions, just rows of rating options.",Priority 1 - I can not continue forward,Closed
17463,17463,1,3/12/2012,can''t see questions on page 2,"I only see the options of 0 on, but no questions on page 2.",Priority 1 - I can not continue forward,Closed
17467,17467,1,3/12/2012,Survey,"That prioritization survey didn''t work right. All but the first page had no line titles and there was nothing on the last question. I assumed we were to answer on line corresponding to our user group so I counted down 8 lines on each page, but that seemed a bit weird . . . figured there were supposed to be questions for each line but I couldnt'' see them. We''re on Windows 7 and IE8 if that matters.",Priority 4 - Simply letting you know,Closed
17471,17471,1,3/12/2012,Blank Pages,"all pages are blank.  The columns number 1..5 display, and radio buttons for each line, but there are no questions in the left column on any of the pages. I tried this in Internet Explorer and in Firefox",Priority 1 - I can not continue forward,Closed
17472,17472,1,3/12/2012,Blank Pages,"all pages are blank.  The columns number 1..5 display, and radio buttons for each line, but there are no questions in the left column on any of the pages. I tried this in Internet Explorer and in Firefox",Priority 1 - I can not continue forward,Closed
17469,17469,1,3/12/2012,did not see questions on the survey,"the selection radio buttons were on the pages, but no literature, questions or anything else - continue button existed which got me to the end... but didn''t do anything Maybe I already filled this out???",Priority 1 - I can not continue forward,Closed
17470,17470,1,3/12/2012,did not see questions on the survey,"the selection radio buttons were on the pages, but no literature, questions or anything else - continue button existed which got me to the end... but didn''t do anything Maybe I already filled this out???",Priority 1 - I can not continue forward,Closed
17457,17457,1,3/10/2012,Questions are not displaying on survey,I came back to add jump conditions to survey 2772. I am not seeing the questions. Do you ?,Priority 1 - I can not continue forward,Closed
17452,17452,1,3/9/2012,Duplicate accounts,I just discovered I have an exsisting account from 2009.  I need to either combine this account with my new one or delete it....how do I do this?,"Priority 2 - I am having issues, but can continue",In-Process
17436,17436,1,3/8/2012,I need to set me up as administrator to my Company,I can''t get to what I need to get to in order to add me as the administrator,"Priority 2 - I am having issues, but can continue",Closed
17435,17435,1,3/8/2012,Sponsor Pages not showing where they should,"When selecting the ""Sponsor Pages"" on LGUG on IE the entire groups of sponsors jump to the lower left side of the page.",Priority 3 - Cosmetic,Closed
17426,17426,1,3/7/2012,payment options are not presented when registering,Payment options as described in How to Register are not presented during registration so I am unable to continue registration for me and my team.  Please help!,Priority 1 - I can not continue forward,Closed
17428,17428,1,3/7/2012,Cannot load my Profile,"I''m trying to load my profile so I can change my password but the link continually says ""Loading""","Priority 2 - I am having issues, but can continue",Closed
17338,17338,1,2/29/2012,Clicking on meeting and nothing happens,Clicking on GLUG meeting for 3/23/12 and no information appears.,Priority 4 - Simply letting you know,Closed
17262,17262,1,2/28/2012,Wrong user credentials associated with email address,I just created my NARUG account and I see that my name was associated with credentials to  another person at Partners HealthCare that has the same name?,Priority 4 - Simply letting you know,Open
17242,17242,1,2/23/2012,First time - need instructions,"I am a new Velocity Consultant and have just received this laptop. I''ve just set up my profile, but need more instructions to go foward.  The sticker note says",Priority 1 - I can not continue forward,Closed
17210,17210,1,2/20/2012,registering attendees.,"I would like to pay for our registration, register another attendee as well someone else will be taking place. The system is not allowing me do this.",Priority 1 - I can not continue forward,Closed
17209,17209,1,2/20/2012,Digital Concourse Register Link not workingn in IE,Digital Concourse Register Link not workingn in IE  Working with SWUG and Marcy.,"Priority 2 - I am having issues, but can continue",Closed
17084,17084,1,2/10/2012,email to optonline not working,"i submitted an issue, but please copy me at atirendi@westmedgroup.com.   i thought maybe personal email was ""fixed"", but it doesn''t appear to be so. . . .","Priority 2 - I am having issues, but can continue",In-Process
17085,17085,1,2/10/2012,Still no access to change Advertiser Profile,"While I can view CIBER''s advertiser profile I still don''t have the ability to save any change such as the banner. In place of a Save button at the bottom of the page, I see text that tells me ""Your security level does not allow you to change this profile, the save button is disabled."". Need the ability to save edits to this profile.",Priority 1 - I can not continue forward,Closed
17082,17082,1,2/10/2012,cannot apply pymt- link to proxy not connecting,"Every registrant for Quickchek was entered by proxy (Donna).  I cannot access a confirmation where I can apply payment.  When I click on an attendee on another report, the link to Donna does not work.     When I go through the Payment/company report and double click on Quickchek, it brings up the 3 registrants, but because none of them created the registration, I cannot apply payment.  It suggests I click on the link to Donna''s account, but the link never connects.   i also cannot tell if my attachment is attaching.  says 100% loaded, but do not see ""proof"" anywhere here.",Priority 1 - I can not continue forward,Closed
16520,16520,1,2/2/2012,didn''t receive confirmation info,"I registered for an event that occurs at 2pm Eastern today, but did not receive the info to log into it.",Priority 1 - I can not continue forward,Closed
16365,16365,1,2/1/2012,Links not showing of SeRUG,"Please make the links on the left side show that are linked to ""Home"" - http","Priority 2 - I am having issues, but can continue",Closed
15816,15816,1,1/30/2012,"Uploaded a file to Cloud drive, it is not listed in Recent Cloud Files tile","On site/2783, I created a folder (Meeting Info) and uploaded a file to cloud drive. I see the file if I navigate to tab ""File Depot"" however I do not see it listed in the Recent Cloud File tile on bottom right. Thanks, Joe  1/31/2012 Update- I did not have box checked, this can be closed.","Priority 2 - I am having issues, but can continue",Closed
15730,15730,1,1/29/2012,Lost RSS Feeds being updated on /2783,"I use to see multiple RSS feeds on the bottom left portal of the MRLUG site. /2783. (Seamed to be a default) After I subscribed to two feeds, I stopped getting any feeds. I tried to remove the tile and placed it back with same results ""You have no RSS feeds at this time"" I don''t have a screen print of the previous tile, however you would see a ""boat load"" about cloud computing, Dean would have some once in a while.  Is there a way I can get this display back? No big issue, just miss it. Thanks","Priority 2 - I am having issues, but can continue",Closed
14259,14259,1,1/20/2012,Not able to complete registration ,"Not able to complete registration in the Cerner space.  The page gets stuck on ""Cost Page"".",Priority 1 - I can not continue forward,Closed
13442,13442,1,1/15/2012,cannot edit calendar page,"trying to delete the repeating announcements and they won''t stay deleted.  cannot email at optonline, so either call or just fix!! thanks.","Priority 2 - I am having issues, but can continue",Closed
13446,13446,1,1/15/2012,cannot email me,"Eric, we can try to use another email account of mine today.  it is astirendi@optonline.net.  if it works, at least we will be able to communicate today.    please DELETE my account under the Carlisle Leasing account.  i am ONLY at Westmed now, but using my optonline accts on both profiles.  i''''m sure that is why DC is having an email issue w me!",Priority 1 - I can not continue forward,Closed
13350,13350,1,1/14/2012,Profile Driven/ One-to-one Marketing might not be working,"The Event Code WWW.DIGITALCONCOURSE.COM/3000 Navigation tab called ""Vendor Sponsorship Info"" is not showing on the registration site. I should be able to see it because it is profile driven as my profile states that I am a ""Vendor"". I did make sure that everything is set in the ""Basic Information"" as well as the ""Navigation"".",Priority 1 - I can not continue forward,In-Process
12941,12941,1,1/11/2012,lost my internet connection at question 8,lost my internet connection at question 8,Priority 4 - Simply letting you know,Closed
12942,12942,1,1/11/2012,lost my internet connection at question 8,lost my internet connection at question 8,Priority 4 - Simply letting you know,Closed
12280,12280,1,1/8/2012,Editor not displaying correctly when using Cache mode (EL),Fix - cache mode must reinstantiate editors - specifically for posts to forums,"Priority 2 - I am having issues, but can continue",Closed
12100,12100,1,1/6/2012,View Module option not working for Event 2992 query Completed registrations,The view module option for the above mentioned query doesn''t do anything. Clicking on it show the js in the status bar but doesn''t result in anything. Tried it with both Firefox 7 and IE8. Exporting to Excel and downloading works just fine.  URL,"Priority 2 - I am having issues, but can continue",Closed
12021,12021,1,1/5/2012,IE banner not showing some what,IE banner not showing some what,Priority 4 - Simply letting you know,Closed
12019,12019,1,1/5/2012,Cannot add image on Affinity Page,Cannot add image on Affinity Page - BUG,"Priority 2 - I am having issues, but can continue",In-Process
11537,11537,1,1/3/2012,Speed issue reported by Vern.Conaway@keystonefoods.com ,"Attached is an email exchange from one of our members. Vern has reported before having ""speed"" issues w/ the site. Would you be able to reach out to him to isolate the issue? Thanks, Joe","Priority 2 - I am having issues, but can continue",Closed
9954,9954,1,12/27/2011,Remove myself from Independent Cerner User Community ,"How can I remove myself from the Independent Cerner User Community? (Found in My Spaces) It seems I joined the community by accessing the link, however would like to remove it. Thanks",Priority 3 - Cosmetic,Closed
8898,8898,1,12/21/2011,Issue w/ Friendly Name processing and Forms,Forms were not updating correctly when site used friendly names,Priority 1 - I can not continue forward,Closed
8899,8899,1,12/21/2011,Captcha problem - notifications sent when incorrect,"Noticing that a bad captcha edit works, however, the notifications are still sent","Priority 2 - I am having issues, but can continue",Closed
8900,8900,1,12/21/2011,Wrong profile after sign-in,changed dcmemberpersist locking on mifl selection in dcgetmemberpersist - should fix the problem,Priority 1 - I can not continue forward,Closed
8473,8473,1,12/19/2011,duplicate profiles and email addresses,"please delete the TWO other profiles that i have - one is Audrey Tirendi as a Carlisle Leasing employee.  another is as Bobbi Slote, which i used for testing.  i believe that these are causing a conflict with my Westmed account.","Priority 2 - I am having issues, but can continue",Closed
7980,7980,1,12/12/2011,Payment Designee - Information Not saving/showing on payment page,"http-//WWW.DIGITALCONCOURSE.COM/2973   ---------------------------------------------------------- Jeff Tokar  Berkner Booster Club  1600 Spring Valley Road  Richardson, TX  75081     Be sure all checks have a valid phone number, drivers license number, and date of birth on them before mailing.      ,",Priority 1 - I can not continue forward,Closed
7736,7736,1,12/9/2011,DC Backstage email blasts,why are the tests for my marketing blasts being sent to my dmail account and not the email addresses I add?  Is this happening for everyone?,Priority 1 - I can not continue forward,Closed
7477,7477,1,12/6/2011,Requesting Payment from CIBER,"Eric, Please send a note to Bill as CIBER has 30K outstanding.",Priority 1 - I can not continue forward,Closed
6912,6912,1,11/30/2011,Payment Option,There is no payment option to choose from. Can not continue with registration process. ,Priority 1 - I can not continue forward,Closed
6884,6884,1,11/30/2011,Two MUG events listed for 12/9/11,When reviewing the current registrations for the upcoming 12/9/11 MUG meeting I noticed that there at two MUG events listed for the same date with differing numbers of attendees.  Which is correct?,"Priority 2 - I am having issues, but can continue",In-Process
6092,6092,1,11/24/2011,TempDB Full,TempDB full - error occurred while trying to build menus on tab bar...  Needs to be restarted,Priority 1 - I can not continue forward,Closed
6009,6009,1,11/22/2011,LGUG user can''t open a uploaded doc.,Please view the attached picture to see the error the Lawson user is getting.,Priority 1 - I can not continue forward,Closed
5696,5696,1,11/18/2011,Can''t see all companies in company search and list,"click on MEMBERSHIP, click on COMPANY SEARCH AND LIST, enter ''Lancaster'' in search field and then click SEARCH.  Page that responds is overlaid with the DC ''Simple'' logo.  Have to click BACKSTAGE to get back in to administration","Priority 2 - I am having issues, but can continue",In-Process
5377,5377,1,11/15/2011,Contact form reported an error,"On Velocity-inc.com... when entering a contact request, the system reported a stored procedure error",Priority 1 - I can not continue forward,Closed
5273,5273,1,11/14/2011,Events/Calendar not showing on CernerRUGS.com,Active Events/Calendar not showing on CernerRUGS.com,Priority 1 - I can not continue forward,Closed
5271,5271,1,11/14/2011,DC tested-  sherylh@mhccom.com can''t register,sherylh@mhccom.com is not able to register and receiving a blank screen.  Loring Kaveney did login as her and viewed the attached screen print to view the source view to better understand.  Her password is-  Hawkins,Priority 1 - I can not continue forward,Closed
5104,5104,1,11/12/2011,Temp DB Full... ??,"The transaction log for database 'tempdb' is full. To find out why space in the log cannot be reused, see the log_reuse_wait_desc column in sys.databases",Priority 1 - I can not continue forward,Closed
5021,5021,1,11/11/2011,Registration Notification - blank,Notifications are coming in blank from my conference... please fix.,"Priority 2 - I am having issues, but can continue",Closed
5060,5060,1,11/11/2011,unable to register,"I am not getting a confirmation that I am  registered for the ""Infor 10 S3 for Public Sector"" webinar",Priority 1 - I can not continue forward,In-Process
5020,5020,1,11/11/2011,Issues w/ login to MyVelocity,"MyVelocity is a secure, private community - system was saying I did not have access.",Priority 1 - I can not continue forward,Closed
5032,5032,1,11/11/2011,Bug w/ edit on power query rows...,Should not be displaying ALL the time - need to correct.,"Priority 2 - I am having issues, but can continue",Closed
4908,4908,1,11/10/2011,Events on main page are not working properly...,"When I click on an individual event from the homepage, it brings me only to the Poker event, and there is a hyperlink 'See All' on the lower left. Even if I click on Holiday for Kids' Sake, it bring me to the Poker event.  If I click More, it brings me to all the listings.","Priority 2 - I am having issues, but can continue",Closed
4961,4961,1,11/10/2011,Problems w/ notifications and domains... ,The e-mail alerts I get sill do not have the right link for me to go straight to M3UGA.com. I got a public forum notice today on Training. It takes me to a site and asks me to log in. I log in and then it is a digital concourse site to the m3uga.com and it wants me to log in again. Can you please fix the links coming out on the notices? Thank you,"Priority 2 - I am having issues, but can continue",In-Process
4690,4690,1,11/9/2011,KLUG Registration Fails,KLUG December 3 Eden Resorts Meeting agenda not viewable after KLUG members register.   I need the meeting agenda and directions.,Priority 1 - I can not continue forward,Closed
4792,4792,1,11/9/2011,Forums do not seem to be working...,"Webpage error details  User Agent- Mozilla/4.0 (compatible; MSIE 8.0; Windows NT 6.1; Trident/4.0; SLCC2; .NET CLR 2.0.50727; .NET CLR 3.5.30729; .NET CLR 3.0.30729; Media Center PC 6.0; InfoPath.2) Timestamp- Wed, 9 Nov 2011 20-40-10 UTC   Message- Expected '';'' Line- 2 Char- 5 Code- 0 URI- http-//www.google-analytics.com/ga.js","Priority 2 - I am having issues, but can continue",Closed
4805,4805,1,11/9/2011,Problems w/ Survey,"Eric, Some of my survey results are not displaying. See Warning message below.   ************************************* http-//www.digitalconcourse.com/DC_Administrator_Pages/Survey/DC_IndProfile.asp?MarketCode=LAWSON&ConfCode=2834&ConfMode=1&GrpCode=MRLUG&SurveyType=3&AttEmail=eric.stone@uftwf.org&DCAMode=2&lop=&loaf=   Warning- You are requesting a survey that is not yours and/or you are not authorized to view, please close this window ************************************* The event is /2834 MRLUG 2011 Mega Meeting   examples of the message come from viewing the results of eric stone, grace kidd, howard gerner   Could you let me know if this is a security setting or are there no results to review for these examples?  Thanks, Joe",Priority 1 - I can not continue forward,In-Process
4590,4590,1,11/8/2011,Career/Jobs not displaying on Velocity-inc.com,Careers stopped displaying from DB records,Priority 1 - I can not continue forward,Closed
4649,4649,1,11/8/2011,changed my job,"I now work for a new organization.  How do I change my email and affiliation?  I tried to change my email, but when I click Save it does not reflect the change.  Also I am allowed to edit the profile of my old company.  How do I change this?","Priority 2 - I am having issues, but can continue",Closed
4343,4343,1,11/7/2011,Date sorts not working on Database (View Database),"When sorting on a ""date"" type column, the sort is not working correctly.","Priority 2 - I am having issues, but can continue",Closed
4518,4518,1,11/7/2011,Should be able to drag and drop menus from fanpage editor,Inability to drag and drop fan page menus \,"Priority 2 - I am having issues, but can continue",Closed
4419,4419,1,11/7/2011,Need Backstage rights to http-//tx-tafe.org,Need Backstage rights to http-//tx-tafe.org,Priority 1 - I can not continue forward,Closed
4520,4520,1,11/7/2011,Bug w/in notes on DB Rows,Not displaying edit options correctly.  May need to rethink security and options.,"Priority 2 - I am having issues, but can continue",Closed
4489,4489,1,11/7/2011,Encompass needs to be taken down on the M3 sponsor site,I don''t have access to Encompass in the advertize portal.,Priority 1 - I can not continue forward,Closed
4245,4245,1,11/6/2011,Company # Not Saving correctly,"Changed company # on profile, but it did not save correctly","Priority 2 - I am having issues, but can continue",Closed
4002,4002,1,11/5/2011,Fix By Group/and By Who Modes in Campaign list,Current options were not working.  Please correct.,"Priority 2 - I am having issues, but can continue",Closed
4094,4094,1,11/5/2011,Cerner Client,"The business address associated with All Childrens Hospital in my profile is no longer correct. It is not 501 6th Ave South, same city and zip code. Thank you, Tom Goodrich",Priority 3 - Cosmetic,Closed
2292,2292,1,10/27/2011,SeRUG Credit Card Issue,ConfCode = 2875  Continue tab doesn''''t show to complete registration.  The site was active and now not until I hear from you to turn it back on-) ,Priority 1 - I can not continue forward,Closed
1336,1336,1,10/22/2011,Issue w/ DB Notifications not displaying information,BBBSLI is experiencing notifications that don''t have the info.  Critical Customer issue,Priority 1 - I can not continue forward,Closed
1351,1351,1,10/22/2011,Update Security ASP from backup,Using a temporary version - ensure we have latest version - currently from 2009  DC4_Admin_Inc_GenInfo_ConferenceAdmin.asp,Priority 1 - I can not continue forward,In-Process
1098,1098,1,10/21/2011,Proxy Payment Issue,"Proxor will pay proxy attendee fee, although when looking at the payment management of the proxy it shows they still need to pay.","Priority 2 - I am having issues, but can continue",Open
1066,1066,1,10/18/2011,"West Coast Proxy not requesting names, not showing on reg list","When Paula Casusi (Paula.c@Forever21.com), proxy in the following people listed below she is not able to enter the name and company, which enables the name of the person to be listed on the confirmation.  1.  sylvia.f@Forever21.com   61204 2.  donna.hui@Forever21.com   61206","Priority 2 - I am having issues, but can continue",In-Process
1068,1068,1,10/18/2011,"When adding favorited to Affinity Pages, data is not being cleared from above line","When adding favorited to Affinity Pages, data is not being cleared from above line - fixed the issue",Priority 4 - Simply letting you know,Closed
1069,1069,1,10/18/2011,"When adding favorited to Affinity Pages, data is not being cleared from above line","When adding favorited to Affinity Pages, data is not being cleared from above line - fixed the issue",Priority 3 - Cosmetic,Closed
1065,1065,1,10/18/2011,News Feed Pulse is not updating on portals,"We know it''s running, but not repopulating the div","Priority 2 - I am having issues, but can continue",Closed
1050,1050,1,10/13/2011,Fix links regarding ,"System is confused regarding the destination when you  are in ""your personal friends and your selection shows up in Shadow box","Priority 2 - I am having issues, but can continue",Closed
1051,1051,1,10/13/2011,Fix Friends item,Friends not displaying for specific profile (MINE),Priority 4 - Simply letting you know,Closed
1049,1049,1,10/11/2011,Adding Message Board Forum fails on first try,"When adding a forum, the program fails - subsequent trys eventually work - seems to be an issue w/ Owner Add stored procedure.","Priority 2 - I am having issues, but can continue",Closed
1046,1046,1,10/10/2011,Correct issue w/ incorrect default blog id displaying,"When in tools, and in a different market, and blog id is not defined - the default blog id is coming from the market - incorrect. FIX","Priority 2 - I am having issues, but can continue",Closed
1048,1048,1,10/10/2011,Files w/ Spaces are not uploading correctly in Cloud drive...,Known issue w/ MS - we will fix w/ removing spaces during upload,"Priority 2 - I am having issues, but can continue",Closed
1041,1041,1,10/9/2011,Bug with div based affinity blogs - not redisplaying correctly,Not displaying correctly,"Priority 2 - I am having issues, but can continue",Closed
1035,1035,1,10/8/2011,Affinity page blog display - canvas,Canvas display is not displaying the correct blog for the page.,"Priority 2 - I am having issues, but can continue",Closed
1032,1032,1,10/8/2011,Problem w/ saving of editor data,Content is being encoded causing redisplay issues.,Priority 1 - I can not continue forward,Closed
1034,1034,1,10/8/2011,TAG Column type not working correctly ,Try the enhancements form and you will see that the tags are not saving correctly.,"Priority 2 - I am having issues, but can continue",In-Process
1026,1026,1,10/7/2011,Vendor Portal,Issue w/ Customer activities - script error,Priority 1 - I can not continue forward,Closed
1019,1019,1,10/5/2011,Blog edit options are incorrect,The edit options on the blog were incorrect... made minor change to force the edit that only author can maintain blog...  Need to allow moderators - need to add MIFL to moderators table and use that.,"Priority 2 - I am having issues, but can continue",Closed
1006,1006,1,9/23/2011,NotesRow...,"When deleting a parent note, the children are not being removed from the display.","Priority 2 - I am having issues, but can continue",Open
